{
    "coords": [
        {
            "x": [
                -185.75558260424896,
                -185.75558260424896,
                -272.7762158963296,
                -305.66647453748794,
                -450.5935872845953,
                -397.282660452691,
                -450.5936068986306,
                -305.66660186928067,
                -269.7639632054499
            ],
            "y": [
                -51.32423613786043,
                102.36848405923833,
                102.36973422582999,
                199.00128453238204,
                115.32758344907418,
                30.122526908797138,
                -52.01972249216681,
                -135.69346000086165,
                -51.32543890515602
            ]
        },
        {
            "x": [
                74.98240093199938,
                -78.71030072393576,
                -77.98387521944154,
                -185.75558260424896,
                -185.75558260424896,
                -78.65326470630359,
                -75.47225638765006,
                78.22042663702031,
                76.31040150228607,
                184.08210888709357,
                184.08210888709357,
                76.97979098914833
            ],
            "y": [
                210.8576883615801,
                210.8576883615801,
                102.36973422582999,
                102.36848405923833,
                -51.32423613786043,
                -51.32543890515602,
                -157.30652941260718,
                -157.30652941260718,
                -48.08559378874314,
                -48.08615698280135,
                105.60651577282295,
                105.60623239480834
            ]
        },
        {
            "x": [
                184.08210888709357,
                184.08210888709357,
                272.7762158963296,
                308.44807651345883,
                453.3751892605656,
                405.31533429503713,
                453.3752088746012,
                308.44820384525224,
                272.1068264094675
            ],
            "y": [
                105.60651577282295,
                -48.08615698280135,
                -48.08559378874314,
                -139.36623416812745,
                -55.69253308481913,
                28.449053191641728,
                111.65477285641948,
                195.3285103651133,
                105.60623239480834
            ]
        }
    ]
}
