{
    "coords": [
        {
            "x": [
                126.05866833967775,
                126.05866833520935,
                65,
                14.724580875028906,
                -44.51503438510313,
                -12,
                -44.515033040852366,
                14.724586137857983,
                62
            ],
            "y": [
                -34.13941152165921,
                34.264610993445004,
                37,
                98.54337948495228,
                64.34137119281279,
                0,
                -64.2161666998559,
                -98.41817016889196,
                -36
            ]
        },
        {
            "x": [
                248.5394383930998,
                196.77563271671903,
                184,
                126.05866833520935,
                126.05866833967775,
                178,
                196.7756378169874,
                248.53943504897651,
                264,
                319.2501046639588,
                319.2501289213064,
                268
            ],
            "y": [
                100.88841628430744,
                100.88841402588686,
                37,
                34.264610993445004,
                -34.13941152165921,
                -37,
                -92.29675123617412,
                -92.29674671508586,
                -29,
                -21.586115071426825,
                30.177671652279763,
                28
            ]
        },
        {
            "x": [
                319.2501289213064,
                319.2501046639588,
                388,
                430.38191740264784,
                489.62154700135125,
                455,
                489.62154565710046,
                430.3819264783903,
                389
            ],
            "y": [
                30.177671652279763,
                -21.586115071426825,
                -25,
                -97.92396194367328,
                -63.721958870347216,
                1,
                64.8355790223216,
                99.03758249135768,
                31
            ]
        }
    ]
}
