{
    "coords": [
        {
            "x": [
                238.99039730061912,
                232.3134326129686,
                134,
                92,
                -78,
                -32,
                -67,
                94,
                140
            ],
            "y": [
                -84.97985022271884,
                67.94784353295813,
                74,
                150,
                60,
                -35,
                -133,
                -208,
                -125
            ]
        },
        {
            "x": [
                488.65598027092335,
                335.7283047814084,
                307,
                232.3134326129686,
                238.99039730061912,
                330,
                351.8437781891221,
                507.17356426509764,
                524,
                612,
                601.5135201605825,
                514
            ],
            "y": [
                187.48232483604195,
                180.8053661860398,
                102,
                67.94784353295813,
                -84.97985022271884,
                -109,
                -188.395006238162,
                -176.82125610026807,
                -99,
                -63,
                84.06742102202595,
                112
            ]
        },
        {
            "x": [
                601.5135201605825,
                612,
                722,
                758,
                968,
                921,
                967,
                764,
                712
            ],
            "y": [
                84.06742102202595,
                -63,
                -104,
                -201,
                -120,
                11,
                126,
                208,
                114
            ]
        }
    ]
}
