{
    "coords": [
        {
            "x": [
                599.9999470180936,
                299.99998278088043,
                0,
                -299.9999635749393,
                -600.0000529819064,
                -324,
                -300.00023179584076,
                299.9996430344052,
                324
            ],
            "y": [
                0.2222144513087364,
                519.8374473957973,
                390,
                519.837518921371,
                0.22216199764279232,
                -187,
                -519.3929112048191,
                -519.3931973071141,
                -187
            ]
        }
    ]
}
