{
    "coords": [
        {
            "x": [
                300,
                0,
                -300,
                -150,
                -3.666396872918181e-06,
                150
            ],
            "y": [
                353.55339594411487,
                220,
                353.5534226366538,
                -353.5533318573551,
                -250,
                -353.55338102635176
            ]
        }
    ]
}
